{"stats":{"minecraft:used":{"minecraft:stone_axe":4,"minecraft:wooden_axe":1,"minecraft:crafting_table":3,"minecraft:furnace":1,"minecraft:stone_pickaxe":55,"minecraft:wooden_pickaxe":7},"minecraft:crafted":{"minecraft:furnace":1,"minecraft:stone_axe":1,"minecraft:crafting_table":1,"minecraft:spruce_planks":16,"minecraft:stick":12,"minecraft:iron_pickaxe":1,"minecraft:air":0,"minecraft:iron_ingot":5,"minecraft:wooden_pickaxe":1,"minecraft:stone_pickaxe":1,"minecraft:wooden_axe":1},"minecraft:custom":{"minecraft:time_since_rest":5949,"minecraft:interact_with_furnace":2,"minecraft:crouch_one_cm":4436,"minecraft:play_time":5949,"minecraft:sprint_one_cm":4498,"minecraft:walk_one_cm":6717,"minecraft:sneak_time":2089,"minecraft:jump":63,"minecraft:time_since_death":5949,"minecraft:total_world_time":5949,"minecraft:fall_one_cm":2117,"minecraft:interact_with_crafting_table":5,"minecraft:fly_one_cm":7996},"minecraft:mined":{"minecraft:coal_ore":29,"minecraft:furnace":1,"minecraft:iron_ore":11,"minecraft:spruce_log":4,"minecraft:stone":18,"minecraft:crafting_table":3},"minecraft:picked_up":{"minecraft:raw_iron":15,"minecraft:crafting_table":3,"minecraft:iron_ingot":2,"minecraft:furnace":1,"minecraft:spruce_log":4,"minecraft:coal":57,"minecraft:cobblestone":18}},"DataVersion":3953}