{"stats":{"minecraft:used":{"minecraft:wooden_axe":5,"minecraft:crafting_table":1},"minecraft:crafted":{"minecraft:crafting_table":1,"minecraft:oak_planks":20,"minecraft:stick":4,"minecraft:wooden_pickaxe":1,"minecraft:wooden_axe":1},"minecraft:custom":{"minecraft:jump":110,"minecraft:time_since_rest":5950,"minecraft:crouch_one_cm":702,"minecraft:sprint_one_cm":16078,"minecraft:play_time":5950,"minecraft:damage_taken":30,"minecraft:time_since_death":5950,"minecraft:walk_one_cm":1749,"minecraft:sneak_time":282,"minecraft:total_world_time":5950,"minecraft:interact_with_crafting_table":1,"minecraft:fall_one_cm":5380,"minecraft:fly_one_cm":23929},"minecraft:mined":{"minecraft:oak_log":9,"minecraft:crafting_table":1},"minecraft:picked_up":{"minecraft:crafting_table":1,"minecraft:oak_log":9}},"DataVersion":3953}